"id","fqdn/ip","port","severity","finding","cve","cwe"
"service","www.pass.fonction-publique.gouv.fr/45.223.57.83","443","INFO","HTTP","",""
"pre_128cipher","www.pass.fonction-publique.gouv.fr/45.223.57.83","443","INFO","No 128 cipher limit bug","",""
"SSLv2","www.pass.fonction-publique.gouv.fr/45.223.57.83","443","OK","not offered","",""
"SSLv3","www.pass.fonction-publique.gouv.fr/45.223.57.83","443","OK","not offered","",""
"TLS1","www.pass.fonction-publique.gouv.fr/45.223.57.83","443","INFO","not offered","",""
"TLS1_1","www.pass.fonction-publique.gouv.fr/45.223.57.83","443","INFO","not offered","",""
"TLS1_2","www.pass.fonction-publique.gouv.fr/45.223.57.83","443","OK","offered","",""
"TLS1_3","www.pass.fonction-publique.gouv.fr/45.223.57.83","443","OK","offered with final","",""
"ALPN_HTTP2","www.pass.fonction-publique.gouv.fr/45.223.57.83","443","OK","h2","",""
"cipherlist_NULL","www.pass.fonction-publique.gouv.fr/45.223.57.83","443","OK","not offered","","CWE-327"
"cipherlist_aNULL","www.pass.fonction-publique.gouv.fr/45.223.57.83","443","OK","not offered","","CWE-327"
"cipherlist_EXPORT","www.pass.fonction-publique.gouv.fr/45.223.57.83","443","OK","not offered","","CWE-327"
"cipherlist_LOW","www.pass.fonction-publique.gouv.fr/45.223.57.83","443","OK","not offered","","CWE-327"
"cipherlist_3DES_IDEA","www.pass.fonction-publique.gouv.fr/45.223.57.83","443","INFO","not offered","","CWE-310"
"cipherlist_OBSOLETED","www.pass.fonction-publique.gouv.fr/45.223.57.83","443","LOW","offered","","CWE-310"
"cipherlist_STRONG_NOFS","www.pass.fonction-publique.gouv.fr/45.223.57.83","443","OK","offered","",""
"cipherlist_STRONG_FS","www.pass.fonction-publique.gouv.fr/45.223.57.83","443","OK","offered","",""
"cipher_order-tls1_2","www.pass.fonction-publique.gouv.fr/45.223.57.83","443","OK","server","",""
"cipherorder_TLSv1_2","www.pass.fonction-publique.gouv.fr/45.223.57.83","443","INFO","ECDHE-RSA-AES128-GCM-SHA256","",""
"cipher_order","www.pass.fonction-publique.gouv.fr/45.223.57.83","443","OK","server","",""
"FS","www.pass.fonction-publique.gouv.fr/45.223.57.83","443","OK","offered","",""
"FS_ciphers","www.pass.fonction-publique.gouv.fr/45.223.57.83","443","INFO","ECDHE-RSA-AES128-GCM-SHA256 ECDHE-RSA-AES128-SHA256 ECDHE-RSA-AES128-SHA ECDHE-RSA-AES256-GCM-SHA384 ECDHE-RSA-AES256-SHA384 ECDHE-RSA-AES256-SHA","",""
"FS_KEMs","www.pass.fonction-publique.gouv.fr/45.223.57.83","443","LOW","No KEMs offered","",""
"FS_ECDHE_curves","www.pass.fonction-publique.gouv.fr/45.223.57.83","443","OK","prime256v1 secp384r1 secp521r1","",""
"TLS_extensions","www.pass.fonction-publique.gouv.fr/45.223.57.83","443","INFO","'server name/#0' 'max fragment length/#1' 'status request/#5' 'supported_groups/#10' 'EC point formats/#11' 'application layer protocol negotiation/#16' 'encrypt-then-mac/#22' 'extended master secret/#23' 'session ticket/#35' 'supported versions/#43' 'key share/#51' 'next protocol/#13172' 'renegotiation info/#65281'","",""
"TLS_session_ticket","www.pass.fonction-publique.gouv.fr/45.223.57.83","443","INFO","valid for 7200 seconds only (<daily)","",""
"SSL_sessionID_support","www.pass.fonction-publique.gouv.fr/45.223.57.83","443","INFO","yes","",""
"sessionresumption_ticket","www.pass.fonction-publique.gouv.fr/45.223.57.83","443","INFO","not supported","",""
"sessionresumption_ID","www.pass.fonction-publique.gouv.fr/45.223.57.83","443","INFO","supported","",""
"TLS_timestamp","www.pass.fonction-publique.gouv.fr/45.223.57.83","443","INFO","random","",""
"certificate_compression","www.pass.fonction-publique.gouv.fr/45.223.57.83","443","INFO","none","",""
"clientAuth","www.pass.fonction-publique.gouv.fr/45.223.57.83","443","INFO","none","",""
"cert_numbers","www.pass.fonction-publique.gouv.fr/45.223.57.83","443","INFO","1","",""
"cert_signatureAlgorithm","www.pass.fonction-publique.gouv.fr/45.223.57.83","443","OK","SHA256 with RSA","",""
"cert_keySize","www.pass.fonction-publique.gouv.fr/45.223.57.83","443","OK","RSA 3072 bits (exponent is 65537)","",""
"cert_keyUsage","www.pass.fonction-publique.gouv.fr/45.223.57.83","443","INFO","Digital Signature, Key Encipherment","",""
"cert_extKeyUsage","www.pass.fonction-publique.gouv.fr/45.223.57.83","443","INFO","TLS Web Server Authentication","",""
"cert_serialNumber","www.pass.fonction-publique.gouv.fr/45.223.57.83","443","INFO","44AD6A5DFB7E82AF93DB11198183060E","",""
"cert_serialNumberLen","www.pass.fonction-publique.gouv.fr/45.223.57.83","443","INFO","16","",""
"cert_fingerprintSHA1","www.pass.fonction-publique.gouv.fr/45.223.57.83","443","INFO","713F04781076533C1549C09797E606C19DE7D777","",""
"cert_fingerprintSHA256","www.pass.fonction-publique.gouv.fr/45.223.57.83","443","INFO","06BF5B679BE7DC1817757CC4FF64105EA566345CDAE7A11C4322677743B614E7","",""
"cert","www.pass.fonction-publique.gouv.fr/45.223.57.83","443","INFO","-----BEGIN CERTIFICATE-----\nMIIHBjCCBW6gAwIBAgIQRK1qXft+gq+T2xEZgYMGDjANBgkqhkiG9w0BAQsFADBWMQswCQYDVQQGEwJGUjEOMAwGA1UEChMFR2FuZGkxNzA1BgNVBAMTLkdhbmRpIFJTQSBEb21haW4gVmFsaWRhdGlvbiBTZWN1cmUgU2VydmVyIENBIDMwHhcNMjUxMTA2MDAwMDAwWhcNMjYxMTA2MjM1OTU5WjAtMSswKQYDVQQDEyJ3d3cucGFzcy5mb25jdGlvbi1wdWJsaXF1ZS5nb3V2LmZyMIIBojANBgkqhkiG9w0BAQEFAAOCAY8AMIIBigKCAYEA7uaUJ8oOKAW9mcCOI+i63TQQXskPnZjW6Xj+SdlN58NTSCu9eoQhpD/oyEKRs5af6oCj7cX7YRcyX5ZZtpbtShoBuuhhNQ12kAzLqQBzStb/Jzy93Zza43/eCZ8i8Z8wGNlJ+O9ReUtv6+5EsdK6NWcBVGZzgoYbd83XWQ4zgyjyFkDVLIpJehFaVoQXpHxEguFFDbgoJmdclPJpahYWXwDdFexZcj7iWaPu3/+2OiL2Ix4Lq15X+FyniFWlce0hlK+Vk1hFDL0M0xpOUNUpOYsCJrg3F4LLVDa0RtEndKvj6FUrOzI82/rgigJDrK0rzbCz/w16j+xeog3EoWvN01eN8eCbb2yVNXg7DZzWLFRHIuM5eJJbqTQCc34Jm+7PUYLCY5uSVPJI+lhvijdsPLvrPYLAxj2V9lUZNE0NdmSAQmHdoyhWV6lVJlKAOMkAMX1HyCLMJcwdUgRR+HemPj7v/EyiE4CIXoro5S090yhztilGMz0De/SPA8c6Gr9xAgMBAAGjggL3MIIC8zAfBgNVHSMEGDAWgBSBEZLeZjKlsFszPWVDhfzUBC3xrjAdBgNVHQ4EFgQUVB63ktPm6PJl47zQ3p0QssKrbycwDgYDVR0PAQH/BAQDAgWgMAwGA1UdEwEB/wQCMAAwEwYDVR0lBAwwCgYIKwYBBQUHAwEwSQYDVR0gBEIwQDA0BgsrBgEEAbIxAQICGjAlMCMGCCsGAQUFBwIBFhdodHRwczovL3NlY3RpZ28uY29tL0NQUzAIBgZngQwBAgEwgYMGCCsGAQUFBwEBBHcwdTBOBggrBgEFBQcwAoZCaHR0cDovL2NydC5zZWN0aWdvLmNvbS9HYW5kaVJTQURvbWFpblZhbGlkYXRpb25TZWN1cmVTZXJ2ZXJDQTMuY3J0MCMGCCsGAQUFBzABhhdodHRwOi8vb2NzcC5zZWN0aWdvLmNvbTAtBgNVHREEJjAkgiJ3d3cucGFzcy5mb25jdGlvbi1wdWJsaXF1ZS5nb3V2LmZyMIIBfAYKKwYBBAHWeQIEAgSCAWwEggFoAWYAdgDYCVU7lE96/8gWGW+UT4WrsPj8XodVJg8V0S5yu0VLFAAAAZpaAPCiAAAEAwBHMEUCIQDvV0gwjch78Ii5EOl7LcP/9SkKNG97nw0fOmA7l2kCPgIgE4b6Wdfg1IDZftpbSytYOoB/wah+SghMAASnU7Yj0P0AdQCvZ4g7V7BO3Y+m2X72LqjrgQrHcWDwJF5V1gwv54WHOgAAAZpaAPEHAAAEAwBGMEQCICODHGwhxbSTXAcK/liblYeXC+RKlkgedXuC6sb9eBIFAiBcNE1P4OXmxYxRgJujwjXgcOotzyvl6+rHMtVpHFapLAB1AKyrMHBs6+yEMfQT0vSRXxEeQiRDsfKmjE88KzunHgLDAAABmloA8DkAAAQDAEYwRAIgbN2U0WhbsUkjLGMGo+3XNqGz8Ov77KchgGazVW4TzIwCIHUly4T3w2znY/F9qTTaa7n3+Ales9Xjn5ZN8fR9xoRwMA0GCSqGSIb3DQEBCwUAA4IBgQA6teSTjDBgS5Rlhc4x+fMZn3T4P8pLuYxGQ55E3fxDSEiJXRs3CxSXFPguy8y2dueJLZ2sQET1ZxbYNcXKfpErt+W13X1XEwuAs9vhX3/vkLJJNhHO5LY+sLeMR+N9nc8s/+ULbP8Ewn8G9UoCRNUdYq0iBFtWwcppknUcJ8ziBTPLIcK67IiS2z9RTvaFgOBSIKLYwF9G3d5Vvgcj3x9sC8xO02/izHP2euTlvez1wX7EG53Bw1tcx8Z0hTsu9Nr7QNaBTfWemnoVLTfXHS2bHMQeB3IEUo1cmKj/OYV+TcjfFFX0ctVK6GlBAA/M8P+IDLOQXQYVbZqrupOcJOif8pCeztk1mYPpc8AsFp+pLPYbIjEkGRUL2Zkx6Z9hgRXf7wmyYhYH5XWv2qrK+9NEeX4mCE3BF3J+K9FUCA662ErWoXOaPlQifvr7vyjL7YkgtSTXJWxwZvG7XN6VD07ReNFOP1ED8tbZA5qNKZM6XweFbcAbCzJJdRhcSMhbUn8=\n-----END CERTIFICATE-----","",""
"cert_commonName","www.pass.fonction-publique.gouv.fr/45.223.57.83","443","OK","www.pass.fonction-publique.gouv.fr","",""
"cert_commonName_wo_SNI","www.pass.fonction-publique.gouv.fr/45.223.57.83","443","INFO","imperva.com","",""
"cert_subjectAltName","www.pass.fonction-publique.gouv.fr/45.223.57.83","443","INFO","www.pass.fonction-publique.gouv.fr","",""
"cert_trust","www.pass.fonction-publique.gouv.fr/45.223.57.83","443","OK","Ok via SAN and CN (SNI mandatory)","",""
"cert_trust_wildcard","www.pass.fonction-publique.gouv.fr/45.223.57.83","443","LOW","trust is via wildcard","",""
"cert_chain_of_trust","www.pass.fonction-publique.gouv.fr/45.223.57.83","443","OK","passed.","",""
"cert_certificatePolicies_EV","www.pass.fonction-publique.gouv.fr/45.223.57.83","443","INFO","no","",""
"cert_expirationStatus","www.pass.fonction-publique.gouv.fr/45.223.57.83","443","OK","299 >= 60 days","",""
"cert_notBefore","www.pass.fonction-publique.gouv.fr/45.223.57.83","443","INFO","2025-11-06 00:00","",""
"cert_notAfter","www.pass.fonction-publique.gouv.fr/45.223.57.83","443","OK","2026-11-06 23:59","",""
"cert_extlifeSpan","www.pass.fonction-publique.gouv.fr/45.223.57.83","443","OK","certificate has no extended life time according to browser forum","",""
"cert_eTLS","www.pass.fonction-publique.gouv.fr/45.223.57.83","443","INFO","not present","",""
"cert_crlDistributionPoints","www.pass.fonction-publique.gouv.fr/45.223.57.83","443","INFO","--","",""
"cert_ocspURL","www.pass.fonction-publique.gouv.fr/45.223.57.83","443","INFO","http://ocsp.sectigo.com","",""
"OCSP_stapling","www.pass.fonction-publique.gouv.fr/45.223.57.83","443","OK","offered","",""
"cert_ocspRevoked","www.pass.fonction-publique.gouv.fr/45.223.57.83","443","OK","not revoked","",""
"cert_mustStapleExtension","www.pass.fonction-publique.gouv.fr/45.223.57.83","443","INFO","--","",""
"DNS_CAArecord","www.pass.fonction-publique.gouv.fr/45.223.57.83","443","OK","issue=digicert.com, issue=letsencrypt.org, issue=sectigo.com","",""
"certificate_transparency","www.pass.fonction-publique.gouv.fr/45.223.57.83","443","OK","yes (certificate extension)","",""
"certs_countServer","www.pass.fonction-publique.gouv.fr/45.223.57.83","443","INFO","2","",""
"certs_list_ordering_problem","www.pass.fonction-publique.gouv.fr/45.223.57.83","443","INFO","no","",""
"cert_caIssuers","www.pass.fonction-publique.gouv.fr/45.223.57.83","443","INFO","Gandi RSA Domain Validation Secure Server CA 3 (Gandi from FR)","",""
"intermediate_cert <#1>","www.pass.fonction-publique.gouv.fr/45.223.57.83","443","INFO","-----BEGIN CERTIFICATE-----\nMIIGXDCCBESgAwIBAgIRAOkH5f+AdSJBCZB9ZyjKABAwDQYJKoZIhvcNAQEMBQAwgYgxCzAJBgNVBAYTAlVTMRMwEQYDVQQIEwpOZXcgSmVyc2V5MRQwEgYDVQQHEwtKZXJzZXkgQ2l0eTEeMBwGA1UEChMVVGhlIFVTRVJUUlVTVCBOZXR3b3JrMS4wLAYDVQQDEyVVU0VSVHJ1c3QgUlNBIENlcnRpZmljYXRpb24gQXV0aG9yaXR5MB4XDTIzMDgwMjAwMDAwMFoXDTMzMDgwMTIzNTk1OVowVjELMAkGA1UEBhMCRlIxDjAMBgNVBAoTBUdhbmRpMTcwNQYDVQQDEy5HYW5kaSBSU0EgRG9tYWluIFZhbGlkYXRpb24gU2VjdXJlIFNlcnZlciBDQSAzMIIBojANBgkqhkiG9w0BAQEFAAOCAY8AMIIBigKCAYEAwrwuXKdKIiD9eu4fsNjLN0mS8HsTdDFyPPB5F5uUd6SJGutc7sqDd3T/p+gnVoAZERvzAz8+OEux1GN1UJ+Gd8s5btXJCbDV5DpvzJOhfztk5JmFKz2XBka+MvDAgiyiZKs3G6yoMk8lEOu6NOsK3X8D1w0E6/C/ROa6Ml0ROnKm7vHGNVTfXTP5IqiNh2JXmp4vD23gemf8nfuI2FngayMNsjm6SwpVYWfT3S8jn5el52FKzwo+uKVZAjNH1ulgWoyO8p+PCsP+CvaEGDId3leSUVhPBBPRsxL42jjqo9aOKREgmrGco39JGf4OImxM8vKxQ9AjDrRTRETB9V9jbRf3v3Tojt3vBBwa3xQelVp9xUWQxo/5dV73g/c7WWAvZ628XUw6k6vn6bY7qWuhehUO02plRLd5zP8nBORCbPmFCI97lZAnDYLprB4e9IgCPJp+0zQDLr9o+eNKtR0a2Txb6nzGahIPi3a7QCH6+Yq4iwYVEQm+e6KBJZOm+YiLAgMBAAGjggFwMIIBbDAfBgNVHSMEGDAWgBRTeb9aqitKz1SA4dibwJ3ysgNmyzAdBgNVHQ4EFgQUgRGS3mYypbBbMz1lQ4X81AQt8a4wDgYDVR0PAQH/BAQDAgGGMBIGA1UdEwEB/wQIMAYBAf8CAQAwHQYDVR0lBBYwFAYIKwYBBQUHAwEGCCsGAQUFBwMCMCIGA1UdIAQbMBkwDQYLKwYBBAGyMQECAhowCAYGZ4EMAQIBMFAGA1UdHwRJMEcwRaBDoEGGP2h0dHA6Ly9jcmwudXNlcnRydXN0LmNvbS9VU0VSVHJ1c3RSU0FDZXJ0aWZpY2F0aW9uQXV0aG9yaXR5LmNybDBxBggrBgEFBQcBAQRlMGMwOgYIKwYBBQUHMAKGLmh0dHA6Ly9jcnQudXNlcnRydXN0LmNvbS9VU0VSVHJ1c3RSU0FBQUFDQS5jcnQwJQYIKwYBBQUHMAGGGWh0dHA6Ly9vY3NwLnVzZXJ0cnVzdC5jb20wDQYJKoZIhvcNAQEMBQADggIBADvVncOMStREyA00ZSRUmrkmR3KzAlHVz06X1ydG9EpZz+JTQMWO809buLbDnr6t9z9jVnsDTQnWcMG4qiIkwhJVLxOVXUO+LFSBMskOe1SPBtHwHS42DeZ8QTgbRlW9p/Ey9wIo+MS2tryQ9eaDTkc2FBed/82VjrdsQoeoTyuDdp4tqarixjM/iJMgyEAMCpTkx4EqXJ/z7qgXusacsxMzt6NLv7FYcaKGbwjKqzrRvEk/+ZYnZc5mxnautf0uwRCcOe0kCOh1fd+g6Tyd+cSj6oGcJY/f/Db0sxELpzGqjRkbXan+eMojQfsgIe1n7SVyI5Yxz2RnQQL5ZT5K1mBcucqsTqkk3C7L3hF4hkwC/Otm+badymHQcnbE1Pmz6ymqj2vtwT0mEQzetQdbvv3jc3ey4YcxirAM1ihxtXeINsEP1ndUV/0v+qqmk9iCoIjZQce8vAdziZqBYxO3NiZwTRAtqseiZWLJqQ077fy3ebdjmw6y5U+DhDW2kxF/e+FJnu53DuY5/bE+oUneY770A7BfCuH+6uhEOaMNsn21AHymLr1xlRPQYR0DMgHmsGTqdINcQfot1mlIXr05HQUK0b84CPgEU0zvVQL+j9dc/4rh2sR6rl//tjG01Q+zQKStnR2NlNNrElDUC9IDmvL9JcF20cvOlE4R0lfTXa1k\n-----END CERTIFICATE-----","",""
"intermediate_cert_fingerprintSHA256 <#1>","www.pass.fonction-publique.gouv.fr/45.223.57.83","443","INFO","F0104FF17274608F1A18A1E1EABF8E68A51F500A87E2EFA22ECB622763FEF4CF","",""
"intermediate_cert_notBefore <#1>","www.pass.fonction-publique.gouv.fr/45.223.57.83","443","INFO","2023-08-02 00:00","",""
"intermediate_cert_notAfter <#1>","www.pass.fonction-publique.gouv.fr/45.223.57.83","443","OK","2033-08-01 23:59","",""
"intermediate_cert_expiration <#1>","www.pass.fonction-publique.gouv.fr/45.223.57.83","443","OK","ok > 40 days","",""
"intermediate_cert_chain <#1>","www.pass.fonction-publique.gouv.fr/45.223.57.83","443","INFO","Gandi RSA Domain Validation Secure Server CA 3 <-- USERTrust RSA Certification Authority","",""
"intermediate_cert_badOCSP","www.pass.fonction-publique.gouv.fr/45.223.57.83","443","OK","intermediate certificate(s) is/are ok","",""
"HTTP_status_code","www.pass.fonction-publique.gouv.fr/45.223.57.83","443","INFO","200 OK ('/')","",""
"HTTP_clock_skew","www.pass.fonction-publique.gouv.fr/45.223.57.83","443","INFO","0 seconds from localtime","",""
"HTTP_headerTime","www.pass.fonction-publique.gouv.fr/45.223.57.83","443","INFO","1768102588","",""
"HSTS_time","www.pass.fonction-publique.gouv.fr/45.223.57.83","443","OK","365 days (=31536000 seconds) > 15552000 seconds","",""
"HSTS_subdomains","www.pass.fonction-publique.gouv.fr/45.223.57.83","443","OK","includes subdomains","",""
"HSTS_preload","www.pass.fonction-publique.gouv.fr/45.223.57.83","443","OK","domain IS marked for preloading","",""
"HPKP","www.pass.fonction-publique.gouv.fr/45.223.57.83","443","INFO","No support for HTTP Public Key Pinning","",""
"banner_server","www.pass.fonction-publique.gouv.fr/45.223.57.83","443","INFO","nginx","",""
"banner_application","www.pass.fonction-publique.gouv.fr/45.223.57.83","443","INFO","No application banner found","",""
"cookie_count","www.pass.fonction-publique.gouv.fr/45.223.57.83","443","INFO","3 at '/'","",""
"cookie_secure","www.pass.fonction-publique.gouv.fr/45.223.57.83","443","OK","All (3) at '/' marked as secure","",""
"cookie_httponly","www.pass.fonction-publique.gouv.fr/45.223.57.83","443","INFO","3/3 at '/' marked as HttpOnly","",""
"X-Frame-Options","www.pass.fonction-publique.gouv.fr/45.223.57.83","443","OK","SAMEORIGIN","",""
"X-Content-Type-Options","www.pass.fonction-publique.gouv.fr/45.223.57.83","443","OK","nosniff","",""
"Content-Security-Policy","www.pass.fonction-publique.gouv.fr/45.223.57.83","443","OK","default-src https: 'unsafe-eval' 'unsafe-inline'; object-src https: ; child-src https: platform.twitter.com; img-src https: data:;","",""
"X-XSS-Protection","www.pass.fonction-publique.gouv.fr/45.223.57.83","443","INFO","1;mode=block","",""
"Access-Control-Allow-Origin","www.pass.fonction-publique.gouv.fr/45.223.57.83","443","INFO","*","",""
"Referrer-Policy","www.pass.fonction-publique.gouv.fr/45.223.57.83","443","INFO","same-origin","",""
"Cache-Control","www.pass.fonction-publique.gouv.fr/45.223.57.83","443","INFO","max-age=600","",""
"banner_reverseproxy","www.pass.fonction-publique.gouv.fr/45.223.57.83","443","INFO","--","","CWE-200"
"heartbleed","www.pass.fonction-publique.gouv.fr/45.223.57.83","443","OK","not vulnerable, no heartbeat extension","CVE-2014-0160","CWE-119"
"CCS","www.pass.fonction-publique.gouv.fr/45.223.57.83","443","OK","not vulnerable","CVE-2014-0224","CWE-310"
"ticketbleed","www.pass.fonction-publique.gouv.fr/45.223.57.83","443","OK","not vulnerable","CVE-2016-9244","CWE-200"
"ROBOT","www.pass.fonction-publique.gouv.fr/45.223.57.83","443","OK","not vulnerable","CVE-2017-17382 CVE-2017-17427 CVE-2017-17428 CVE-2017-13098 CVE-2017-1000385 CVE-2017-13099 CVE-2016-6883 CVE-2012-5081 CVE-2017-6168","CWE-203"
"secure_renego","www.pass.fonction-publique.gouv.fr/45.223.57.83","443","OK","supported","","CWE-310"
"secure_client_renego","www.pass.fonction-publique.gouv.fr/45.223.57.83","443","OK","not vulnerable","CVE-2011-1473","CWE-310"
"CRIME_TLS","www.pass.fonction-publique.gouv.fr/45.223.57.83","443","OK","not vulnerable","CVE-2012-4929","CWE-310"
"BREACH","www.pass.fonction-publique.gouv.fr/45.223.57.83","443","MEDIUM","potentially VULNERABLE, gzip HTTP compression detected  - only supplied '/' tested","CVE-2013-3587","CWE-310"
"POODLE_SSL","www.pass.fonction-publique.gouv.fr/45.223.57.83","443","OK","not vulnerable, no SSLv3","CVE-2014-3566","CWE-310"
"fallback_SCSV","www.pass.fonction-publique.gouv.fr/45.223.57.83","443","OK","no protocol below TLS 1.2 offered","",""
"SWEET32","www.pass.fonction-publique.gouv.fr/45.223.57.83","443","OK","not vulnerable","CVE-2016-2183 CVE-2016-6329","CWE-327"
"FREAK","www.pass.fonction-publique.gouv.fr/45.223.57.83","443","OK","not vulnerable","CVE-2015-0204","CWE-310"
"DROWN","www.pass.fonction-publique.gouv.fr/45.223.57.83","443","OK","not vulnerable on this host and port","CVE-2016-0800 CVE-2016-0703","CWE-310"
"DROWN_hint","www.pass.fonction-publique.gouv.fr/45.223.57.83","443","INFO","Make sure you don't use this certificate elsewhere with SSLv2 enabled services, see https://search.censys.io/search?resource=hosts&virtual_hosts=INCLUDE&q=06BF5B679BE7DC1817757CC4FF64105EA566345CDAE7A11C4322677743B614E7","CVE-2016-0800 CVE-2016-0703","CWE-310"
"LOGJAM","www.pass.fonction-publique.gouv.fr/45.223.57.83","443","OK","not vulnerable, no DH EXPORT ciphers,","CVE-2015-4000","CWE-310"
"LOGJAM-common_primes","www.pass.fonction-publique.gouv.fr/45.223.57.83","443","OK","no DH key with <= TLS 1.2","CVE-2015-4000","CWE-310"
"BEAST","www.pass.fonction-publique.gouv.fr/45.223.57.83","443","OK","not vulnerable, no SSL3 or TLS1","CVE-2011-3389","CWE-20"
"LUCKY13","www.pass.fonction-publique.gouv.fr/45.223.57.83","443","LOW","potentially vulnerable, uses obsolete TLS CBC ciphers","CVE-2013-0169","CWE-310"
"winshock","www.pass.fonction-publique.gouv.fr/45.223.57.83","443","OK","not vulnerable","CVE-2014-6321","CWE-94"
"RC4","www.pass.fonction-publique.gouv.fr/45.223.57.83","443","OK","not vulnerable","CVE-2013-2566 CVE-2015-2808","CWE-310"
"clientsimulation-android_70","www.pass.fonction-publique.gouv.fr/45.223.57.83","443","INFO","TLSv1.2 ECDHE-RSA-AES128-GCM-SHA256","",""
"clientsimulation-android_81","www.pass.fonction-publique.gouv.fr/45.223.57.83","443","INFO","TLSv1.2 ECDHE-RSA-AES128-GCM-SHA256","",""
"clientsimulation-android_90","www.pass.fonction-publique.gouv.fr/45.223.57.83","443","INFO","TLSv1.3 TLS_AES_128_GCM_SHA256","",""
"clientsimulation-android_X","www.pass.fonction-publique.gouv.fr/45.223.57.83","443","INFO","TLSv1.3 TLS_AES_128_GCM_SHA256","",""
"clientsimulation-android_11_12","www.pass.fonction-publique.gouv.fr/45.223.57.83","443","INFO","TLSv1.3 TLS_AES_128_GCM_SHA256","",""
"clientsimulation-android_13_14","www.pass.fonction-publique.gouv.fr/45.223.57.83","443","INFO","TLSv1.3 TLS_AES_128_GCM_SHA256","",""
"clientsimulation-android_15","www.pass.fonction-publique.gouv.fr/45.223.57.83","443","INFO","TLSv1.3 TLS_AES_128_GCM_SHA256","",""
"clientsimulation-chrome_101_win10","www.pass.fonction-publique.gouv.fr/45.223.57.83","443","INFO","TLSv1.3 TLS_AES_128_GCM_SHA256","",""
"clientsimulation-chromium_137_win11","www.pass.fonction-publique.gouv.fr/45.223.57.83","443","INFO","TLSv1.3 TLS_AES_128_GCM_SHA256","",""
"clientsimulation-firefox_100_win10","www.pass.fonction-publique.gouv.fr/45.223.57.83","443","INFO","TLSv1.3 TLS_AES_128_GCM_SHA256","",""
"clientsimulation-firefox_137_win11","www.pass.fonction-publique.gouv.fr/45.223.57.83","443","INFO","TLSv1.3 TLS_AES_128_GCM_SHA256","",""
"clientsimulation-ie_8_win7","www.pass.fonction-publique.gouv.fr/45.223.57.83","443","INFO","No connection","",""
"clientsimulation-ie_11_win7","www.pass.fonction-publique.gouv.fr/45.223.57.83","443","INFO","TLSv1.2 ECDHE-RSA-AES128-SHA256","",""
"clientsimulation-ie_11_win81","www.pass.fonction-publique.gouv.fr/45.223.57.83","443","INFO","TLSv1.2 ECDHE-RSA-AES128-SHA256","",""
"clientsimulation-ie_11_winphone81","www.pass.fonction-publique.gouv.fr/45.223.57.83","443","INFO","TLSv1.2 ECDHE-RSA-AES128-SHA256","",""
"clientsimulation-ie_11_win10","www.pass.fonction-publique.gouv.fr/45.223.57.83","443","INFO","TLSv1.2 ECDHE-RSA-AES128-GCM-SHA256","",""
"clientsimulation-edge_15_win10","www.pass.fonction-publique.gouv.fr/45.223.57.83","443","INFO","TLSv1.2 ECDHE-RSA-AES128-GCM-SHA256","",""
"clientsimulation-edge_101_win10_21h2","www.pass.fonction-publique.gouv.fr/45.223.57.83","443","INFO","TLSv1.3 TLS_AES_128_GCM_SHA256","",""
"clientsimulation-edge_133_win11_23h2","www.pass.fonction-publique.gouv.fr/45.223.57.83","443","INFO","TLSv1.3 TLS_AES_128_GCM_SHA256","",""
"clientsimulation-safari_184_ios_184","www.pass.fonction-publique.gouv.fr/45.223.57.83","443","INFO","TLSv1.3 TLS_AES_128_GCM_SHA256","",""
"clientsimulation-safari_154_osx_1231","www.pass.fonction-publique.gouv.fr/45.223.57.83","443","INFO","TLSv1.3 TLS_AES_128_GCM_SHA256","",""
"clientsimulation-safari_184_osx_154","www.pass.fonction-publique.gouv.fr/45.223.57.83","443","INFO","TLSv1.3 TLS_AES_128_GCM_SHA256","",""
"clientsimulation-java_7u25","www.pass.fonction-publique.gouv.fr/45.223.57.83","443","INFO","No connection","",""
"clientsimulation-java_80442","www.pass.fonction-publique.gouv.fr/45.223.57.83","443","INFO","TLSv1.3 TLS_AES_128_GCM_SHA256","",""
"clientsimulation-java_1102","www.pass.fonction-publique.gouv.fr/45.223.57.83","443","INFO","TLSv1.3 TLS_AES_128_GCM_SHA256","",""
"clientsimulation-java_1703","www.pass.fonction-publique.gouv.fr/45.223.57.83","443","INFO","TLSv1.3 TLS_AES_128_GCM_SHA256","",""
"clientsimulation-java_2106","www.pass.fonction-publique.gouv.fr/45.223.57.83","443","INFO","TLSv1.3 TLS_AES_128_GCM_SHA256","",""
"clientsimulation-go_1178","www.pass.fonction-publique.gouv.fr/45.223.57.83","443","INFO","TLSv1.3 TLS_AES_128_GCM_SHA256","",""
"clientsimulation-libressl_336","www.pass.fonction-publique.gouv.fr/45.223.57.83","443","INFO","TLSv1.3 TLS_AES_128_GCM_SHA256","",""
"clientsimulation-openssl_102e","www.pass.fonction-publique.gouv.fr/45.223.57.83","443","INFO","TLSv1.2 ECDHE-RSA-AES128-GCM-SHA256","",""
"clientsimulation-openssl_111d","www.pass.fonction-publique.gouv.fr/45.223.57.83","443","INFO","TLSv1.3 TLS_AES_128_GCM_SHA256","",""
"clientsimulation-openssl_315","www.pass.fonction-publique.gouv.fr/45.223.57.83","443","INFO","TLSv1.3 TLS_AES_128_GCM_SHA256","",""
"clientsimulation-openssl_350","www.pass.fonction-publique.gouv.fr/45.223.57.83","443","INFO","TLSv1.3 TLS_AES_128_GCM_SHA256","",""
"clientsimulation-apple_mail_16_0","www.pass.fonction-publique.gouv.fr/45.223.57.83","443","INFO","TLSv1.2 ECDHE-RSA-AES128-GCM-SHA256","",""
"clientsimulation-thunderbird_91_9","www.pass.fonction-publique.gouv.fr/45.223.57.83","443","INFO","TLSv1.3 TLS_AES_128_GCM_SHA256","",""
"rating_spec","www.pass.fonction-publique.gouv.fr/45.223.57.83","443","INFO","SSL Labs's 'SSL Server Rating Guide' (version 2009r from 2025-05-16)","",""
"rating_doc","www.pass.fonction-publique.gouv.fr/45.223.57.83","443","INFO","https://github.com/ssllabs/research/wiki/SSL-Server-Rating-Guide","",""
"protocol_support_score","www.pass.fonction-publique.gouv.fr/45.223.57.83","443","INFO","100","",""
"protocol_support_score_weighted","www.pass.fonction-publique.gouv.fr/45.223.57.83","443","INFO","30","",""
"key_exchange_score","www.pass.fonction-publique.gouv.fr/45.223.57.83","443","INFO","90","",""
"key_exchange_score_weighted","www.pass.fonction-publique.gouv.fr/45.223.57.83","443","INFO","27","",""
"cipher_strength_score","www.pass.fonction-publique.gouv.fr/45.223.57.83","443","INFO","60","",""
"cipher_strength_score_weighted","www.pass.fonction-publique.gouv.fr/45.223.57.83","443","INFO","24","",""
"final_score","www.pass.fonction-publique.gouv.fr/45.223.57.83","443","INFO","81","",""
"overall_grade","www.pass.fonction-publique.gouv.fr/45.223.57.83","443","OK","A+","",""
